{
  "slug": "mph-raw",
  "serum_instances": [
    {
      "track": "Bass",
      "plugin": "Serum 2",
      "wavetables": {
        "osc_a": "Analog/Analog_BD_Sin.wav",
        "osc_b": "Analog/Basic Shapes.wav",
        "osc_c": "S2 Tables/Default Shapes.wav"
      },
      "oscillators": {
        "osc_a": {
          "kParamFine": 30.9999942779541,
          "kParamOctave": -2.0
        },
        "osc_b": {
          "kParamEnable": 1.0,
          "kParamFine": 32.00000524520874,
          "kParamOctave": -1.0,
          "kParamPitch": 7.000000476837158,
          "kParamVolume": 0.2768588994109109
        }
      },
      "filters": {
        "filter_0": {
          "kParamDrive": 52.006328105926514,
          "kParamEnable": 1.0,
          "kParamFreq": 0.2785618305206299,
          "kParamReso": 24.364034831523895,
          "kParamType": "MgL24"
        }
      },
      "envelopes": {
        "env_0": {
          "kParamAttack": 0.00039015987093509764,
          "kParamCurve1": 49.950000643730164,
          "kParamCurve2": 57.815730571746826,
          "kParamCurve3": 61.426544189453125,
          "kParamDecay": 0.4444068162969319,
          "kParamRelease": 0.32626316971639746,
          "kParamSustain": 0.6887155771255493
        },
        "env_1": {
          "kParamAttack": 0.0004988561741851921,
          "kParamCurve1": 49.950000643730164,
          "kParamCurve2": 66.60000085830688,
          "kParamCurve3": 66.60000085830688,
          "kParamDecay": 0.4619751695871116,
          "kParamRelease": 0.34374311732054946,
          "kParamSustain": 0.560360848903656
        },
        "env_2": {
          "kParamAttack": 0.0005153631860372535,
          "kParamCurve1": 49.950000643730164,
          "kParamCurve2": 66.60000085830688,
          "kParamCurve3": 66.60000085830688,
          "kParamRelease": 0.014700845522658526
        },
        "env_3": {
          "kParamCurve1": 50.0,
          "kParamCurve2": 66.60000000000001,
          "kParamCurve3": 66.60000000000001
        }
      },
      "global": {
        "kParamBendRangeDn": -1.0,
        "kParamBendRangeUp": 1.0,
        "kParamLimitSameNotePolyphony": 1.0,
        "kParamMasterVolume": 0.399372882357639,
        "kParamMonoToggle": 1.0,
        "kParamS1Compatibility": 1.0
      },
      "lfos": {
        "lfo_0": {
          "kParamDefaultMode": 0.0,
          "kParamMode": "Free"
        },
        "lfo_1": {
          "kParamDefaultMode": 0.0,
          "kParamMode": "Free"
        },
        "lfo_2": {
          "kParamDefaultMode": 0.0,
          "kParamMode": "Free"
        },
        "lfo_3": {
          "kParamDefaultMode": 0.0,
          "kParamMode": "Free"
        },
        "lfo_4": {
          "kParamDefaultMode": 0.0,
          "kParamMode": "Free"
        },
        "lfo_5": {
          "kParamDefaultMode": 0.0,
          "kParamMode": "Free"
        },
        "lfo_6": {
          "kParamDefaultMode": 0.0,
          "kParamMode": "Free"
        },
        "lfo_7": {
          "kParamDefaultMode": 0.0,
          "kParamMode": "Free"
        },
        "lfo_8": {
          "kParamBeatSync": 0.0,
          "kParamDefaultMode": 0.0,
          "kParamDotted": 1.0,
          "kParamRate": 0.10000069729266844,
          "kParamRate10x": 1.0,
          "kParamTriplets": 1.0,
          "kParamType": "Lorenz"
        },
        "lfo_9": {
          "kParamBeatSync": 0.0,
          "kParamDefaultMode": 0.0,
          "kParamDotted": 1.0,
          "kParamRate": 0.10000069729266844,
          "kParamRate10x": 1.0,
          "kParamTriplets": 1.0,
          "kParamType": "Rossler"
        }
      },
      "mod_matrix": {
        "slot_0": {
          "source": "ModWheel?",
          "source_raw": [
            25,
            0
          ],
          "dest_module": "VoiceFilter",
          "dest_instance": 0,
          "dest_param": "kParamFreq",
          "amount": 14.43
        },
        "slot_1": {
          "source": "ModWheel?",
          "source_raw": [
            25,
            0
          ],
          "dest_module": "VoiceFilter",
          "dest_instance": 0,
          "dest_param": "kParamReso",
          "amount": -61.03
        },
        "slot_2": {
          "source": "PitchBend?",
          "source_raw": [
            26,
            0
          ],
          "dest_module": "FXDistortion",
          "dest_instance": 1,
          "dest_param": "kParamWet",
          "amount": 62.32
        },
        "slot_3": {
          "source": "PitchBend?",
          "source_raw": [
            26,
            0
          ],
          "dest_module": "FXDistortion",
          "dest_instance": 1,
          "dest_param": "kParamDrive",
          "amount": 34.54
        },
        "slot_4": {
          "source": "Env4",
          "source_raw": [
            3,
            0
          ],
          "dest_module": "VoiceFilter",
          "dest_instance": 0,
          "dest_param": "kParamFreq",
          "amount": 19.05
        },
        "slot_5": {
          "source": "Gate?",
          "source_raw": [
            29,
            0
          ],
          "dest_module": "Env",
          "dest_instance": 0,
          "dest_param": "kParamSustain",
          "amount": 31.13
        }
      }
    },
    {
      "track": "Pluck Bass",
      "plugin": "Serum 2",
      "wavetables": {
        "osc_a": "Analog/Basic Shapes.wav",
        "osc_b": "S2 Tables/Default Shapes.wav",
        "osc_c": "S2 Tables/Default Shapes.wav"
      },
      "oscillators": {
        "osc_a": {
          "kParamDetune": 0.02039883377203311,
          "kParamOctave": -2.0
        }
      },
      "filters": {
        "filter_0": {
          "kParamDrive": 47.22703397274017,
          "kParamEnable": 1.0,
          "kParamFreq": 0.320004940032959,
          "kParamReso": 42.35424101352692
        }
      },
      "envelopes": {
        "env_0": {
          "kParamCurve1": 50.0,
          "kParamCurve2": 66.60000000000001,
          "kParamCurve3": 66.60000000000001,
          "kParamDecay": 0.1894198061515556,
          "kParamRelease": 0.20275075121050204,
          "kParamSustain": 0.1247854232788086
        },
        "env_1": {
          "kParamCurve1": 50.0,
          "kParamCurve2": 66.60000000000001,
          "kParamCurve3": 66.60000000000001
        },
        "env_2": {
          "kParamCurve1": 50.0,
          "kParamCurve2": 66.60000000000001,
          "kParamCurve3": 66.60000000000001
        },
        "env_3": {
          "kParamCurve1": 50.0,
          "kParamCurve2": 66.60000000000001,
          "kParamCurve3": 66.60000000000001
        }
      },
      "global": {},
      "mod_matrix": {
        "slot_0": {
          "source": "Env3",
          "source_raw": [
            2,
            0
          ],
          "dest_module": "VoiceFilter",
          "dest_instance": 0,
          "dest_param": "kParamFreq",
          "amount": 25.59
        }
      }
    },
    {
      "track": "Lead",
      "plugin": "Serum 2",
      "wavetables": {
        "osc_a": "Analog/Basic_Cjw.wav",
        "osc_c": "Analog/Basic Shapes.wav"
      },
      "oscillators": {
        "osc_a": {
          "kParamDetune": 0.015609298122868154,
          "kParamVolume": 0.0
        },
        "osc_b": {
          "kParamEnable": 1.0,
          "kParamOctave": -1.0,
          "kParamVolume": 0.05870024413226481
        },
        "osc_c": {
          "kParamEnable": 1.0,
          "kParamOctave": 1.0,
          "kParamVolume": 0.0
        }
      },
      "filters": {
        "filter_0": {
          "kParamDrive": 8.229803293943405,
          "kParamEnable": 1.0,
          "kParamFreq": 0.24272431433200836,
          "kParamReso": 12.402654439210892,
          "kParamType": "MgL18"
        }
      },
      "envelopes": {
        "env_0": {
          "kParamAttack": 0.005599806152351428,
          "kParamCurve1": 50.0,
          "kParamCurve2": 66.60000000000001,
          "kParamCurve3": 66.60000000000001,